Transaction Hash,Status,Method,Blockno,DateTime (UTC),From,From_Nametag,To,To_Nametag,Amount,Value (USD),Txn Fee
"0x2eb5cf5d093da3e08c96c8dd2aaf7594edec0de80c1740533aa5008a005dec45","Success","Transfer","24235720","2026-01-14 21:46:11","0x4838b106fce9647bdf1e7877bf73ce8b0bad5f97","Titan Builder","0xf299fd7396e6ee1d0977289841a42630086446cc","","0.00758 ETH","$25.55","0.00000185"
"0xd662319c89581d31528c5ff0365df7aab02a4f3892868b1eac0424acefdde0c0","Success","Server Payout","24235720","2026-01-14 21:46:11","0xbcb61ad7b2d7949ecaefc77adbd5914813aeeffa","","0x3314fb492a5d205a601f2a0521fafbd039502fc3","ETHGas: Collateral","0 ETH","$0.00","0.00000582"
"0x5f746c125814074d8a9526a2f1e92f1b9dfaffe66921a3f7f0a7f53ae8915499","Success","Approve","24235720","2026-01-14 21:46:11","0x67cba25ffc7f3e814b2b99191f1be18293229834","","0xdac17f958d2ee523a2206206994597c13d831ec7","Tether: USDT Stablecoin","0 ETH","$0.00","0.00000432"
"0xc8c8481f76d548e91e12d6fffee57249eda9a279ed73edd4ec1d71a80fa7e2e6","Success","Swap","24235720","2026-01-14 21:46:11","0xd8524f1b5b0fc1d5f562ee03c11e3182a2abb6ff","","0x881d40237659c251811cec9c364ef91dc08d300c","Metamask: Swap Router","0 ETH","$0.00","0.00073788"
"0xa1c98c545662c5da88cf32390eb179dd17272b17182065c3798692a728977637","Success","Approve","24235720","2026-01-14 21:46:11","0xd8524f1b5b0fc1d5f562ee03c11e3182a2abb6ff","","0xaca92e438df0b2401ff60da7e4337b687a2435da","MetaMask: mUSD Token","0 ETH","$0.00","0.00012187"
"0xa752eb68fe2cf7f66fb551f2f755a05fd4267aea2a9186c51b7fa5e58ccfa75f","Success","Transfer","24235720","2026-01-14 21:46:11","0xc066ac5d385419b1a8c43a0e146fa439837a8b8c","MetaMask: Gas Station","0xd8524f1b5b0fc1d5f562ee03c11e3182a2abb6ff","","0.001239539 ETH","$4.18","0.00002285"
"0x97587ae8f62f44ddd62fbc1aa7683b9cc90ddd30ab9cebb840683a2e88ac6e22","Success","Approve","24235720","2026-01-14 21:46:11","0x36ba7b0771d8bc563b3abb65ea4040d3f64beea1","","0xdac17f958d2ee523a2206206994597c13d831ec7","Tether: USDT Stablecoin","0 ETH","$0.00","0.00000432"
"0x45f7abda631bb2b2e61a3dfd3b2bbf6ef69b7e3c30209dbf185196a4f73e10f7","Success","Approve","24235720","2026-01-14 21:46:11","0x5f2822408a0249aa294de4dc71840ec9ddaa1413","","0xdac17f958d2ee523a2206206994597c13d831ec7","Tether: USDT Stablecoin","0 ETH","$0.00","0.00000432"
"0xef3f4110ae739f78dd579c043ae3874dd79da63b91c0732ded8978bf5932f53c","Success","0xded1f1a5","24235720","2026-01-14 21:46:11","0x0513f63401c7afde27079fc7c203f358bd908bd5","Fake_Phishing1694313","0x301d9bc22d66f7bc49329a9d9eb16d3ecc4a12b4","Fake_Phishing1694310","0 ETH","$0.00","0.00001392"
"0x4a54f046033e5b909714c9418d9354ac4404c74f3d6a67c98e8bb10d713c0808","Success","0xded1f1a5","24235720","2026-01-14 21:46:11","0xb10aab6a015e806180e88337331955c4d0bb9f13","Fake_Phishing1694805","0x301d9bc22d66f7bc49329a9d9eb16d3ecc4a12b4","Fake_Phishing1694310","0 ETH","$0.00","0.00002"
"0xff20a139848e0bf542e718bb03a2233bcd9d799355a792c8dba6db2b5553ce01","Success","0xfe3874eb","24235720","2026-01-14 21:46:11","0xab1996ce692017f07c26169d0a5bf5fdd7de8c32","Fake_Phishing1694338","0x301d9bc22d66f7bc49329a9d9eb16d3ecc4a12b4","Fake_Phishing1694310","0 ETH","$0.00","0.00002267"
"0x500ee93ee3cbdaf1cef6945526fdc333bc58f2939214500993cba285db7c4a8c","Success","Transfer","24235720","2026-01-14 21:46:11","0xe779ba1e5ff868376424cbde1427b36012b183cc","","0x5e6ef4a1b1aa2f604a86b0d1b1d857f7c4cd5b2c","","1 wei","$0.00","0.00000189"
"0x32f67b4698edc138befb9e912ccf78d3312773ede5bf244a8b11795beb4efa3a","Success","Handle Ops","24235720","2026-01-14 21:46:11","0x804ef87fc0bc8aa4fe45d48eddd6f2f9be5075b0","Bundler: 0x804...5b0","0x5ff137d4b0fdcd49dca30c7cf57e578a026d2789","Entry Point 0.6.0","0 ETH","$0.00","0.00001329"
"0x83447c0926eb0382eb343111d075d4c17b706a17dac8bfe300b5636ad26e0c40","Success","Handle Ops","24235720","2026-01-14 21:46:11","0x44940cfe7d7dff1d33284b46abdbcce5b90ffabd","Bundler: 0x449...abd","0x5ff137d4b0fdcd49dca30c7cf57e578a026d2789","Entry Point 0.6.0","0 ETH","$0.00","0.00001897"
"0xf71edf82fba3f61af2a62e95d69454a409443e67a89072a3fb524c6fbe072cf4","Success","Transfer","24235720","2026-01-14 21:46:11","0xc84045f7a55c2edc1148812c539bd96d2c34dd1d","","0x400d81cd2c47ef2cbc6ec810dd8f7d3c3a234af1","","8 wei","$0.00","0.00000189"
"0x028dfa85cc472996562f3accc1d690bcc7fd7d9e1d78d5850f9138f33a75f8b7","Success","Approve","24235720","2026-01-14 21:46:11","0xb2371c4081109d462d38e7e0192f9940b3e71ad3","","0xa0b73e1ff0b80914ab6fe0444e65848c4c34450b","Cronos Coin: CRO Token","0 ETH","$0.00","0.0000041"
"0x4503c27c997504a33c061b66e43e67431e518f3368b38e74c9918ed106970571","Success","Approve","24235720","2026-01-14 21:46:11","0xe95c13a72c50f9feef20d7fab83de2f5918a75ad","","0xdac17f958d2ee523a2206206994597c13d831ec7","Tether: USDT Stablecoin","0 ETH","$0.00","0.00000432"
"0x583175f39296bf20a9f5d6a83589c26949a18a7408684e196260e7b8a2c2a82f","Success","Approve","24235720","2026-01-14 21:46:11","0x1728f4175a5edb862390cbac38b768f4fa80a930","","0xdac17f958d2ee523a2206206994597c13d831ec7","Tether: USDT Stablecoin","0 ETH","$0.00","0.00000432"
"0xac4857f5218c80a5ed4efe98b88c1a0475966db35618b32c9969405fa2895a2c","Success","Approve","24235720","2026-01-14 21:46:11","0xb51ce2e4a84948dfbf23bd783c55594bfb18aaa2","","0xae7ab96520de3a18e5e111b5eaab095312d7fe84","Lido: stETH Token","0 ETH","$0.00","0.0000058"
"0x96456afc475851a6ad3d1a99315a49f97ff900b705ac8726e8cd0a56e0febe6a","Success","Transfer","24235720","2026-01-14 21:46:11","0x400d7b638e80e734c56a5b527945e43f877d4af1","","0xc84022abadc4a8cfb5eee15ca5d494f7e6b0dd1d","","8 wei","$0.00","0.00000189"
"0xbd9717d93165b356657fdc3e2851d1a828e5b43b8b48a661590d71e03bde1319","Success","Transfer","24235720","2026-01-14 21:46:11","0x259d68c5eb6792bdf2ada1bf02afb2f3980ea923","","0xae7d4d867c58364e973890140f929e7c86dbc28f","","1 wei","$0.00","0.000002"
"0x8a9d40ae24d86bd62e976030a6c4b08bcfd2a6a831d4e9366b0e463f2c0b9a9e","Success","Transfer","24235720","2026-01-14 21:46:11","0x31e6a02005f845a7225731bc8fe10ba9c3b3635d","","0xac737e8c44e96bd1b0b6a9324687254270302c1b","","1 wei","$0.00","0.000002"
"0x8109f2512855bb8dc4354d4cad80e752d05a5fb2c020881b19fa11989c468a8e","Success","Transfer","24235720","2026-01-14 21:46:11","0x77300c71071eca35cb673a0b7571b2907deb77c7","Simplex 1","0x94fb75ecc0c2d2917e2644fb4e6121e58d04eff7","","0.03473335 ETH","$117.09","0.00000185"
"0xdd9c2464079a406c8e5ea53a2a17c04e6f4d71b553a5dc843024e63194ee4111","Success","Transfer","24235720","2026-01-14 21:46:11","0xefce5b1cd37a24b752308c93e51fb7da69e220da","","0x5c7de10b6c30d11bf8cb25733849d3db3c28a228","","0.000008421 ETH","$0.03","0.00000185"
"0x3599ca662de2b16c2fb770bcb05c0a202876bd33da458db6f9eefc5fe2a79723","Success","Transfer","24235720","2026-01-14 21:46:11","0x3539d91743ec2fabcdab97cb4bb13426f36e27e2","","0xa0b86991c6218b36c1d19d4a2e9eb0ce3606eb48","Circle: USDC Token","0 ETH","$0.00","0.00000356"
"0x4322670bd5aa56a7dbe1ad5c4dd63d9da2ea8f11236e89a3dac0e06abff72b6a","Success","Execute","24235720","2026-01-14 21:46:11","0x107fc49b7752a7f4623ba646099c105d06df34bd","","0x00000000008c57a1ce37836a5e9d36759d070d8c","","0 ETH","$0.00","0.00000389"
"0x190e6720c2deb6b63fdd490f1043c3f2eefb7563a1dff947968e094c69fba0ed","Success","Transfer","24235720","2026-01-14 21:46:11","0x2239eccb0d91c0c648b36b967bb1ef38c5b2b13d","","0xa0b86991c6218b36c1d19d4a2e9eb0ce3606eb48","Circle: USDC Token","0 ETH","$0.00","0.00000399"
"0xb7cb34cdde29fde818d7b98d0014c574e8ca586191979b4f737c2a7c45a98aeb","Success","Approve","24235720","2026-01-14 21:46:11","0x480e6472e1c2fc6951da9c185431ee460ab94eef","","0x39687bfd0de0b022fe29e7700ee60f9b327c4992","","0 ETH","$0.00","0.00000416"
"0xe36699c087150e91c482d7a754d5e93f56d4b401b3c9fe5f869b057ca87f6bbf","Success","Transfer","24235720","2026-01-14 21:46:11","0x1bf3d37276471792a10534c80f7a00fe56495ebe","","0xdac17f958d2ee523a2206206994597c13d831ec7","Tether: USDT Stablecoin","0 ETH","$0.00","0.00000365"
"0x5b945b5039521b59549bb5717381a45adc0da74f2ebefaa606feabd672cb64d2","Success","Transfer","24235720","2026-01-14 21:46:11","0xe69cb1c179bfd96afd0f89aaa67476cfbae5dc36","","0x307576dd4f73f91bb8c4a2edb762938e8e067d31","Rainbet.com","0.011033494 ETH","$37.20","0.00000185"
"0xf592ed88b3ee0973aa86083e1d23c0988345c107c7203bf4938108bb3f31bf84","Success","Process Top Up From Contracts","24235720","2026-01-14 21:46:11","0x5609bb231ec547c727d65eb6811ccd0c731339de","","0xf4e147db314947fc1275a8cbb6cde48c510cd8cf","","0 ETH","$0.00","0.00000838"
"0x33200075bb8bb09cabc395d3dd25e83dc70d39fcd2de14c82d7841b60dcc6bae","Success","Transfer","24235720","2026-01-14 21:46:11","0x0cdbc02ccc3b5b3b1a89717724129f22d9c7cf77","","0xd8c9bebf55c68bb6186442652ae7872d3473c3da","","0.00000013 ETH","$0.00","0.00000185"
"0x2169b1173a2e3fa69cbff30967f8bf366f818ff65d0da5e9405e2cffed9ccad8","Success","Transfer","24235720","2026-01-14 21:46:11","0xf1caaa5bacdd566e605e4059bb9c64786483a555","","0x27961a1234956433d263e65a96a2ed4d150733b8","","0.000000518 ETH","$0.00","0.00000185"
"0x662c13d8a37a6f9fa6da24b12a3008f441aa2f1573ea9e1068f71aea1099b82a","Success","Transfer","24235720","2026-01-14 21:46:11","0xf72d10d3cc5323afadbd7dd4b61989ceccc50936","","0xad922eedab33f1e8041dde6284c5c4b0b037bb50","","0.000000591 ETH","$0.00","0.00000185"
"0xadc619f2307c6fb308b5895d5767e4fd921a4399efe64b4ef52b85e182773ec2","Success","Transfer","24235720","2026-01-14 21:46:11","0x8955b69543fd7fcbe14e7dca5eaf27ed114a13d1","","0x0b0e65cc5aea000593de7125f1f6dcf8ba299eb0","","0.000000117 ETH","$0.00","0.00000185"
"0xd144ce9f8cb8ed2e1173be63bbc8387baff386f14b56893b99c1a2ccd85f84d3","Success","Transfer","24235720","2026-01-14 21:46:11","0x6cfbd6b3a9a5a3be903ee8727e3737dac2fcf8cb","","0xc5dbfa605ab2d20bbe4cb9f4f3ca251383d71baa","","0.000000402 ETH","$0.00","0.00000185"
"0x7d8d99be9de8f42879248bdf145255dc240d16e1656f078ef1b1271af389eb7a","Success","Transfer","24235720","2026-01-14 21:46:11","0x68108645bc70f4c37456b169d0b4d9470bd92e9b","","0x410577f48573ff57bc9c041f0b6c13cfcfa0af9f","","0.000000148 ETH","$0.00","0.00000185"
"0x76f9c209118e99db5060d7a74f0f087018a9f5ec2c6ebeb0d435fe418c1ec65e","Success","Transfer","24235720","2026-01-14 21:46:11","0x21135cd44dcc6f7dbab5423286320a64e87840b7","","0x4af7eae9a87b3822ff4814dc6507017925896589","","0.00000178 ETH","$0.01","0.00000185"
"0x83c253f2b3e83075434c3b43219009258630c3068ff6ae3d8626bee9d08aa34a","Success","Transfer","24235720","2026-01-14 21:46:11","0x234208925668ab41031cc439f61859a06d83bf43","","0x3b41821673bf5ad63d85281c6f6f9d3512552805","","0.0000001 ETH","$0.00","0.00000185"
"0x070715760cc6352c5e7ec261611ec5230ab96dac9e11fbfa606fd494b2fb274c","Success","Transfer","24235720","2026-01-14 21:46:11","0x98186c763d6c28407e13465f0326dcf144610e0b","","0x0716c1b79f34d5ce9793c5e41cfd7b11ecc5f365","","0.000000612 ETH","$0.00","0.00000185"
"0x022f5e8079ab3522e6049979d1453146551d1a7a969cef6c9d7f4b1dcfaa9cb4","Success","Transfer","24235720","2026-01-14 21:46:11","0xbab869010c4fd7781ca7d1d312f1e452845c1e5e","","0xf1650324a3986481ca30b0ee5a589fab7ad0df14","","0.00000689 ETH","$0.02","0.00000185"
"0xfaf4d4fb2e7716a98e8f07a5608108f079cae8f0b8e8c81cff868f74f67976fc","Success","Transfer","24235720","2026-01-14 21:46:11","0x1ca1fa852a5608ae7332787b3b36f5ed9c86062d","","0x390af77be8a0fdd4032ed3b0984c178cb6c70d13","","6 wei","$0.00","0.00000185"
"0x3d4f5d044d4a342d35516c480cd5e007dbdc4d9b30cff85ae496ab311c1f066c","Success","Transfer","24235720","2026-01-14 21:46:11","0xec325564ab24430da775479c87f5a0ab8d5c730f","","0x921b9c3e2685dcf8356326ab7a3baf3799d4a913","","1 wei","$0.00","0.00000185"
"0x08c0d03b4e8eb6ffceae6d6f141c8070c588addb5b76fd9ac2986f2a6786762f","Success","Transfer","24235720","2026-01-14 21:46:11","0x20c3dfcadbc9a58cb5671f8869ab491379b89282","","0xb5e0f543f70a735baad0a760f95d5a29843755f5","","0.000002801 ETH","$0.01","0.00000185"
"0x493e3aaf1b4001ef2a272ad6a926e1e850cfd116f46f84765b4b656b97a27659","Success","Transfer","24235720","2026-01-14 21:46:11","0x72a57abd6f061320a765952e1756787ecac29e9b","","0xfa3522da0f3ce33b32710c43be52d114c4394d5e","","0.0000001 ETH","$0.00","0.00000185"
"0xeb0861a600fc43b69204cdc0947e2596d293e55e9d29d8577b01464ae324b356","Success","Transfer","24235720","2026-01-14 21:46:11","0x0716af2742cc22cec3ac4f2168633101ecc5f365","","0x98188478c0140fe2f0ce393ef7cc23e144610e0b","","0.00000612 ETH","$0.02","0.00000185"
"0xa0be62ed25645da457070ff5a8b53676b6e1d9f0538b6abfb1858786b752e7de","Success","Transfer","24235720","2026-01-14 21:46:11","0x14c4e7f97991a48ac1abae666bef9192d3117328","","0x3adae824091184a09f3c52c3d2be104b96eeeb5d","","0.0000006 ETH","$0.00","0.00000185"
"0x0144b04767219a09f91a2c99b30ec1a33b7e587fe2a0cc7847057a2593fb2349","Success","Transfer","24235720","2026-01-14 21:46:11","0x2d73ed63c317dbadb1d2a9bad94b3f97cba3810a","","0xe9b09e415b7968af403069e7c192f28106e08ca7","","0.000002962 ETH","$0.01","0.00000185"
"0xc3b19e7de6bbc6bbea4a80ebaa3c6d4205f16727e4c1f07aecffe42aeb3c5e46","Success","Transfer","24235720","2026-01-14 21:46:11","0x3a9e5c57d43fa61a2a916ef5e3f8e2bb6a23c642","","0xf14792c3e8267e35c72b3b95c4d2aa5b0995c0ba","","0.04 ETH","$134.85","0.00000185"
"0x884e71a890103075ecd2df80b23ec0d3d54f2867719fdb215de21012807d1162","Success","Transfer","24235720","2026-01-14 21:46:11","0xbbca13d8587e0f812e7f9961e5b4de15ec78c991","","0x8b286e3e967ad104ea51713fe0e7c47964914d25","","0.000008 ETH","$0.03","0.00000185"